{
    "rmse": 0.6454800163193635,
    "mae": 0.5051381029977602,
    "r2": 0.3413376325883236
}