{
    "rmse": 0.6849585413082957,
    "mae": 0.5288482683863508,
    "r2": 0.28141405564943445
}